exp_id,data,model,best_epoch,optimizer,lr0,augmentation_type,test_mAP50,test_mAP50-95,test_precision,test_recall,fitness,time_min
1,data.yaml,yolo11m.pt,39,SGD,0.01,YOLO Internal,0.8207606323777111,0.6398840511461488,0.8555055706187111,0.6918156273889097,0.6398840511461488,8.73241383632024
2,data.yaml,yolo11m.pt,47,SGD,0.001,YOLO Internal,0.9023092904736786,0.7694793328875424,0.9133419619627724,0.7925909386993125,0.7694793328875424,9.774511762460072
3,data.yaml,yolo11m.pt,99,AdamW,0.01,YOLO Internal,0.5335754251152299,0.3424515637102536,0.6069699905923922,0.47387951469181533,0.3424515637102536,20.144114108880363
4,data.yaml,yolo11m.pt,95,AdamW,0.001,YOLO Internal,0.8603319182631899,0.7049697926034004,0.8151808266303259,0.788465330103544,0.7049697926034004,19.38580177227656
5,data.yaml,yolo11n.pt,96,SGD,0.01,YOLO Internal,0.8569331818681943,0.6962153871327866,0.8388557263734236,0.7814690180798364,0.6962153871327866,12.468778733412424
6,data.yaml,yolo11n.pt,96,SGD,0.001,YOLO Internal,0.9064299423020807,0.7582779290914581,0.9089768577398283,0.804281242735363,0.7582779290914581,12.077024404207865
7,data.yaml,yolo11n.pt,99,AdamW,0.01,YOLO Internal,0.7269343717325012,0.5487222670708665,0.6980030758578637,0.6598086510315002,0.5487222670708665,12.517225201924642
8,data.yaml,yolo11n.pt,67,AdamW,0.001,YOLO Internal,0.87417949691516,0.6757518531852283,0.9135899180898738,0.7678602195472367,0.6757518531852283,8.55957000652949
9,data_aug.yaml,yolo11m.pt,38,SGD,0.01,Custom (Albumentations),0.808455812796274,0.6661385373494747,0.8654198127298324,0.736766036465747,0.6661385373494747,25.66595086256663
10,data_aug.yaml,yolo11m.pt,27,SGD,0.001,Custom (Albumentations),0.8948720067563465,0.7599323098657405,0.9100934672107357,0.8351136276680498,0.7599323098657405,18.643649315834047
11,data_aug.yaml,yolo11m.pt,67,AdamW,0.01,Custom (Albumentations),0.5157443588800457,0.3402688410210291,0.7139526236243685,0.42354328762688415,0.3402688410210291,44.19302692015966
12,data_aug.yaml,yolo11m.pt,35,AdamW,0.001,Custom (Albumentations),0.746352458570286,0.6001467876888256,0.8793602874318043,0.6176713295746379,0.6001467876888256,23.913389221827188
13,data_aug.yaml,yolo11n.pt,44,SGD,0.01,Custom (Albumentations),0.783832288469638,0.6221150479980515,0.8401153730003728,0.6879663060853001,0.6221150479980515,17.669846947987875
14,data_aug.yaml,yolo11n.pt,38,SGD,0.001,Custom (Albumentations),0.8428991308654141,0.6860196313932022,0.9168035396039333,0.7314729689163473,0.6860196313932022,15.24195331732432
15,data_aug.yaml,yolo11n.pt,50,AdamW,0.01,Custom (Albumentations),0.6156759430186469,0.41921880366032555,0.6554671302304717,0.5332220576983837,0.41921880366032555,20.030345451831817
16,data_aug.yaml,yolo11n.pt,51,AdamW,0.001,Custom (Albumentations),0.8298108646132234,0.6637880577927686,0.8898052278935809,0.7353589984278178,0.6637880577927686,20.200739379723867
17,data_raw.yaml,yolo11m.pt,79,SGD,0.01,None (Raw Baseline),0.7994473507300661,0.6693269100525285,0.8040667142291675,0.728966220623772,0.6693269100525285,15.48247280518214
18,data_raw.yaml,yolo11m.pt,36,SGD,0.001,None (Raw Baseline),0.8676826786708827,0.7419416631800465,0.865140069137676,0.7833043370188171,0.7419416631800465,7.685746538639068
19,data_raw.yaml,yolo11m.pt,47,AdamW,0.01,None (Raw Baseline),0.23921273662562084,0.11839162449802687,0.43234282513313776,0.20525129641548365,0.11839162449802687,9.875990347067516
20,data_raw.yaml,yolo11m.pt,60,AdamW,0.001,None (Raw Baseline),0.7091428859817647,0.5681359780334082,0.8138510037201854,0.608543687332102,0.5681359780334082,12.30252709388733
21,data_raw.yaml,yolo11n.pt,64,SGD,0.01,None (Raw Baseline),0.7827399178412415,0.6302870308400139,0.8744137067380358,0.6786025515012475,0.6302870308400139,7.850534896055858
22,data_raw.yaml,yolo11n.pt,46,SGD,0.001,None (Raw Baseline),0.8425431870474436,0.6958061200849207,0.8217445052357681,0.7632934485356552,0.6958061200849207,5.993466452757517
23,data_raw.yaml,yolo11n.pt,47,AdamW,0.01,None (Raw Baseline),0.4054027855618162,0.2548674445866795,0.6214420727804729,0.3402701011409038,0.2548674445866795,6.2091538151105246
24,data_raw.yaml,yolo11n.pt,38,AdamW,0.001,None (Raw Baseline),0.7718504809290605,0.599319047468344,0.828808004608875,0.6241813560949816,0.599319047468344,5.193753830591837
