exp_id,data,model,best_epoch,optimizer,lr0,augmentation_type,test_mAP50,test_mAP50-95,test_precision,test_recall,fitness,time_min,dataset_name
1,face_data.yaml,yolo11m.pt,35,SGD,0.01,YOLO Internal,0.8598225173264148,0.5255313098047936,0.8960599852307067,0.7604710819098783,0.5255313098047936,9.009081308046976,Faces
2,face_data.yaml,yolo11m.pt,24,SGD,0.001,YOLO Internal,0.9050258866639436,0.5581329286115745,0.885107970421417,0.8431480334830324,0.5581329286115745,6.656645707289377,Faces
3,face_data.yaml,yolo11m.pt,96,AdamW,0.01,YOLO Internal,0.8497926302125214,0.5182565238068765,0.9065868284296426,0.7795472549400708,0.5182565238068765,22.526009794076284,Faces
4,face_data.yaml,yolo11m.pt,44,AdamW,0.001,YOLO Internal,0.8792847796713903,0.5413377535590256,0.9074889689304272,0.7767948906181177,0.5413377535590256,10.850024151802064,Faces
5,face_data.yaml,yolo11n.pt,31,SGD,0.01,YOLO Internal,0.7994604793457107,0.481116974627493,0.8149418964817643,0.7533768903244751,0.481116974627493,5.287242368857066,Faces
6,face_data.yaml,yolo11n.pt,31,SGD,0.001,YOLO Internal,0.8172334469881801,0.4720060248654006,0.7879249073186323,0.7748945983307303,0.4720060248654006,4.950452216466268,Faces
7,face_data.yaml,yolo11n.pt,49,AdamW,0.01,YOLO Internal,0.8135289289235507,0.4725051050060691,0.8621338997445016,0.7182513195388078,0.4725051050060691,7.548070359230041,Faces
8,face_data.yaml,yolo11n.pt,47,AdamW,0.001,YOLO Internal,0.8664883551152301,0.523787669932599,0.8657791352905908,0.8104764973169715,0.523787669932599,7.1078670183817545,Faces
9,face_data_raw.yaml,yolo11m.pt,17,SGD,0.01,None (Raw Baseline),0.7893695381336047,0.4623264902719408,0.8236508870662819,0.7168183820290706,0.4623264902719408,4.741902828216553,Faces
10,face_data_raw.yaml,yolo11m.pt,20,SGD,0.001,None (Raw Baseline),0.8608867858604685,0.5146164095018201,0.8669198098582169,0.8135148685256024,0.5146164095018201,5.339675382773081,Faces
11,face_data_raw.yaml,yolo11m.pt,54,AdamW,0.01,None (Raw Baseline),0.7025593839463538,0.3866817684846285,0.8309163431199491,0.6333871678167671,0.3866817684846285,12.639866848786673,Faces
12,face_data_raw.yaml,yolo11m.pt,48,AdamW,0.001,None (Raw Baseline),0.7811679317056801,0.4725264936815121,0.8978136283003187,0.6921891058581706,0.4725264936815121,11.45010188817978,Faces
13,face_data_raw.yaml,yolo11n.pt,15,SGD,0.01,None (Raw Baseline),0.734287700643703,0.3980725409949839,0.7227202771446668,0.7279899786764084,0.3980725409949839,2.873046517372132,Faces
14,face_data_raw.yaml,yolo11n.pt,22,SGD,0.001,None (Raw Baseline),0.7403660036147489,0.4010693094005543,0.7961694107620048,0.6871614494484891,0.4010693094005543,3.715290224552154,Faces
15,face_data_raw.yaml,yolo11n.pt,21,AdamW,0.01,None (Raw Baseline),0.6310299479243643,0.3499993968057369,0.7304281011527438,0.6184113933343122,0.3499993968057369,3.6240415851275127,Faces
16,face_data_raw.yaml,yolo11n.pt,24,AdamW,0.001,None (Raw Baseline),0.7626451992381396,0.4224923391145666,0.8558578818969974,0.6903905447070915,0.4224923391145666,3.977719283103943,Faces
17,data_aug.yaml,yolo11m.pt,29,SGD,0.01,Custom (Albumentations),0.8318114782854924,0.4874772860258054,0.8630245412775983,0.8060959672858001,0.4874772860258054,23.939321664969125,Faces
18,data_aug.yaml,yolo11m.pt,19,SGD,0.001,Custom (Albumentations),0.8804955837162798,0.5327973175504103,0.8007030525543584,0.8777879910021809,0.5327973175504103,16.246216173966726,Faces
19,data_aug.yaml,yolo11m.pt,45,AdamW,0.01,Custom (Albumentations),0.7067097322117364,0.4111529493461441,0.8040947780745147,0.64359124944942,0.4111529493461441,36.28973500728607,Faces
20,data_aug.yaml,yolo11m.pt,35,AdamW,0.001,Custom (Albumentations),0.7809800412145764,0.4665580731561463,0.8009074388676989,0.7302722617084273,0.4665580731561463,28.65654002428055,Faces
21,data_aug.yaml,yolo11n.pt,20,SGD,0.01,Custom (Albumentations),0.7567565639750903,0.4227921849758947,0.8760284123509202,0.6945749522830715,0.4227921849758947,10.042072558403015,Faces
22,data_aug.yaml,yolo11n.pt,25,SGD,0.001,Custom (Albumentations),0.7738482878702613,0.3820394411136463,0.7881282632599542,0.7397075217504582,0.3820394411136463,12.26499353647232,Faces
23,data_aug.yaml,yolo11n.pt,30,AdamW,0.01,Custom (Albumentations),0.7284955263849349,0.3882844429165651,0.8074874259710392,0.6725777418435634,0.3882844429165651,14.484522195657094,Faces
24,data_aug.yaml,yolo11n.pt,17,AdamW,0.001,Custom (Albumentations),0.8144802481050446,0.4373164279452171,0.8631157133400394,0.7639051759228264,0.4373164279452171,8.865435830752055,Faces
1,data.yaml,yolo11m.pt,39,SGD,0.01,YOLO Internal,0.8207606323777111,0.6398840511461488,0.8555055706187111,0.6918156273889097,0.6398840511461488,8.73241383632024,Weapons
2,data.yaml,yolo11m.pt,47,SGD,0.001,YOLO Internal,0.9023092904736786,0.7694793328875424,0.9133419619627724,0.7925909386993125,0.7694793328875424,9.774511762460072,Weapons
3,data.yaml,yolo11m.pt,99,AdamW,0.01,YOLO Internal,0.5335754251152299,0.3424515637102536,0.6069699905923922,0.4738795146918153,0.3424515637102536,20.144114108880363,Weapons
4,data.yaml,yolo11m.pt,95,AdamW,0.001,YOLO Internal,0.8603319182631899,0.7049697926034004,0.8151808266303259,0.788465330103544,0.7049697926034004,19.38580177227656,Weapons
5,data.yaml,yolo11n.pt,96,SGD,0.01,YOLO Internal,0.8569331818681943,0.6962153871327866,0.8388557263734236,0.7814690180798364,0.6962153871327866,12.468778733412424,Weapons
6,data.yaml,yolo11n.pt,96,SGD,0.001,YOLO Internal,0.9064299423020808,0.7582779290914581,0.9089768577398284,0.804281242735363,0.7582779290914581,12.077024404207863,Weapons
7,data.yaml,yolo11n.pt,99,AdamW,0.01,YOLO Internal,0.7269343717325012,0.5487222670708665,0.6980030758578637,0.6598086510315002,0.5487222670708665,12.517225201924642,Weapons
8,data.yaml,yolo11n.pt,67,AdamW,0.001,YOLO Internal,0.87417949691516,0.6757518531852283,0.9135899180898738,0.7678602195472367,0.6757518531852283,8.55957000652949,Weapons
9,data_aug.yaml,yolo11m.pt,38,SGD,0.01,Custom (Albumentations),0.808455812796274,0.6661385373494747,0.8654198127298324,0.736766036465747,0.6661385373494747,25.66595086256663,Weapons
10,data_aug.yaml,yolo11m.pt,27,SGD,0.001,Custom (Albumentations),0.8948720067563465,0.7599323098657405,0.9100934672107356,0.8351136276680498,0.7599323098657405,18.643649315834047,Weapons
11,data_aug.yaml,yolo11m.pt,67,AdamW,0.01,Custom (Albumentations),0.5157443588800457,0.3402688410210291,0.7139526236243685,0.4235432876268841,0.3402688410210291,44.19302692015966,Weapons
12,data_aug.yaml,yolo11m.pt,35,AdamW,0.001,Custom (Albumentations),0.746352458570286,0.6001467876888256,0.8793602874318043,0.6176713295746379,0.6001467876888256,23.913389221827188,Weapons
13,data_aug.yaml,yolo11n.pt,44,SGD,0.01,Custom (Albumentations),0.783832288469638,0.6221150479980515,0.8401153730003728,0.6879663060853001,0.6221150479980515,17.669846947987875,Weapons
14,data_aug.yaml,yolo11n.pt,38,SGD,0.001,Custom (Albumentations),0.8428991308654141,0.6860196313932022,0.9168035396039332,0.7314729689163473,0.6860196313932022,15.24195331732432,Weapons
15,data_aug.yaml,yolo11n.pt,50,AdamW,0.01,Custom (Albumentations),0.6156759430186469,0.4192188036603255,0.6554671302304717,0.5332220576983837,0.4192188036603255,20.030345451831817,Weapons
16,data_aug.yaml,yolo11n.pt,51,AdamW,0.001,Custom (Albumentations),0.8298108646132234,0.6637880577927686,0.8898052278935809,0.7353589984278178,0.6637880577927686,20.200739379723867,Weapons
17,data_raw.yaml,yolo11m.pt,79,SGD,0.01,None (Raw Baseline),0.7994473507300661,0.6693269100525285,0.8040667142291675,0.728966220623772,0.6693269100525285,15.48247280518214,Weapons
18,data_raw.yaml,yolo11m.pt,36,SGD,0.001,None (Raw Baseline),0.8676826786708827,0.7419416631800465,0.865140069137676,0.7833043370188171,0.7419416631800465,7.685746538639068,Weapons
19,data_raw.yaml,yolo11m.pt,47,AdamW,0.01,None (Raw Baseline),0.2392127366256208,0.1183916244980268,0.4323428251331377,0.2052512964154836,0.1183916244980268,9.875990347067516,Weapons
20,data_raw.yaml,yolo11m.pt,60,AdamW,0.001,None (Raw Baseline),0.7091428859817647,0.5681359780334082,0.8138510037201854,0.608543687332102,0.5681359780334082,12.30252709388733,Weapons
21,data_raw.yaml,yolo11n.pt,64,SGD,0.01,None (Raw Baseline),0.7827399178412415,0.6302870308400139,0.8744137067380358,0.6786025515012475,0.6302870308400139,7.850534896055858,Weapons
22,data_raw.yaml,yolo11n.pt,46,SGD,0.001,None (Raw Baseline),0.8425431870474436,0.6958061200849207,0.8217445052357681,0.7632934485356552,0.6958061200849207,5.993466452757517,Weapons
23,data_raw.yaml,yolo11n.pt,47,AdamW,0.01,None (Raw Baseline),0.4054027855618162,0.2548674445866795,0.6214420727804729,0.3402701011409038,0.2548674445866795,6.2091538151105246,Weapons
24,data_raw.yaml,yolo11n.pt,38,AdamW,0.001,None (Raw Baseline),0.7718504809290605,0.599319047468344,0.828808004608875,0.6241813560949816,0.599319047468344,5.193753830591837,Weapons
