exp_id,data,model,epochs,optimizer,lr0,augmentation,test_mAP50,test_mAP50-95,test_precision,test_recall,time_min
2.1,face_data.yaml,yolo11n.pt,20,SGD,0.01,ON,0.8592368173193754,0.5017196084639268,0.834120130523764,0.8155328115724705,51.952800357341765
2.2,data_aug.yaml,yolo11n.pt,20,SGD,0.01,OFF,0.8592368173193754,0.5017196084639268,0.834120130523764,0.8155328115724705,256.7214526295662
3,face_data.yaml,yolov8n.pt,10,SGD,0.01,ON,0.803050586362057,0.4519995958556479,0.8492970519730931,0.7352756284172351,26.379967999458312
7,face_data.yaml,yolo11n.pt,10,SGD,0.01,ON,0.802204274111139,0.4513604509614715,0.8651655858376099,0.7011819116135662,27.618782965342202
1,face_data.yaml,yolov8n.pt,5,SGD,0.01,ON,0.7154893782931618,0.40369017585270317,0.7781680832984191,0.6885926402263777,13.165495145320893
5,face_data.yaml,yolo11n.pt,5,SGD,0.01,ON,0.7016494504510256,0.40066831354722277,0.7670843586761725,0.6333137571575392,14.06422848701477
4,face_data.yaml,yolov8n.pt,10,Adam,0.01,ON,0.7422365030011262,0.3911050906291995,0.768989310550068,0.6948539118093419,26.06185047229131
8,face_data.yaml,yolo11n.pt,10,Adam,0.01,ON,0.710912697706491,0.3715718571303951,0.7334871269376078,0.6939876670092497,27.744838682810464
6,face_data.yaml,yolo11n.pt,5,Adam,0.01,ON,0.6229025392300637,0.3306235561940559,0.664564727046014,0.6348159683172316,14.026652439435322
2,face_data.yaml,yolov8n.pt,5,Adam,0.01,ON,0.5574653501934572,0.30130399915745687,0.755340564766668,0.5181324328292468,13.438375016053518
